file,action,reason
Healthy Fish (3).jpg,remove,underwater scenery with several small fish
Healthy Fish (4).jpg,remove,fishing rod and grass
Healthy Fish (5).jpeg,crop_bottom,stock-photo watermark bar
Healthy Fish (6).jpeg,crop_bottom,stock-photo watermark bar
Healthy Fish (6).jpg,remove,fishing rod and grass
Healthy Fish (7).jpg,crop_bottom,stock-photo watermark bar
Healthy Fish (9).jpg,remove,small koi in a rocky stream (scenery)
Healthy Fish (12).jpeg,crop_bottom,stock-photo watermark bar
Healthy Fish (15).jpg,remove,underwater lake-bed scenery
Healthy Fish (18).jpeg,crop_bottom,stock-photo watermark bar
Healthy Fish (19).jpg,remove,person's hand holding the fish
Healthy Fish (20).jpg,crop_bottom,stock-photo watermark bar
Healthy Fish (27).jpg,crop_bottom,stock-photo watermark bar
Healthy Fish (28).jpg,crop_bottom,stock-photo watermark bar
Healthy Fish (29).jpg,crop_bottom,stock-photo watermark bar
Healthy Fish (41).jpg,remove,fish jumping out of a lake (scenery)
Healthy Fish (46).jpg,remove,fishing rod and grass
Healthy Fish (50).jpg,remove,person's hand holding the fish
Healthy Fish (52).jpg,crop_bottom,stock-photo watermark bar
Healthy Fish (56).jpg,remove,person's hand holding the fish
Healthy Fish (58).jpg,crop_bottom,stock-photo watermark text
Healthy Fish (61).jpg,remove,person's hand holding the fish
Healthy Fish (65).jpg,remove,fish in a landing net (fishing gear)
Healthy Fish (66).jpg,remove,underwater lake-bed scenery
Healthy Fish (68).jpg,remove,angler holding the fish
Healthy Fish (70).jpg,crop_bottom,stock-photo watermark bar
Healthy Fish (71).jpg,crop_bottom,stock-photo watermark bar
Healthy Fish (72).jpg,remove,person's hand holding the fish
Healthy Fish (74).jpg,crop_bottom,stock-photo watermark bar
Healthy Fish (78).jpg,remove,angler holding the fish
Healthy Fish (79).jpg,crop_bottom,stock-photo watermark bar
Healthy Fish (81).jpg,remove,angler holding the fish
Healthy Fish (84).jpg,remove,person's arm in the photo
Healthy Fish (90).jpg,remove,person holding the fish
Healthy Fish (91).jpg,remove,angler holding the fish
Healthy Fish (92).jpg,remove,angler holding the fish
Healthy Fish (95).jpg,crop_bottom,stock-photo watermark bar
Healthy Fish (96).jpg,remove,angler holding the fish
Healthy Fish (97).jpg,remove,several small fish in a stream (scenery)
Healthy Fish (104).jpg,crop_bottom,stock-photo watermark bar
Healthy Fish (106).jpg,remove,engraving / drawing (not a photo)
Healthy Fish (107).jpg,remove,underwater lake-bed scenery
Healthy Fish (110).jpg,crop_bottom,stock-photo watermark text
Healthy Fish (113).jpg,remove,person holding the fish
Healthy Fish (115).jpg,remove,person's hand holding the fish
Healthy Fish (116).jpg,remove,angler holding the fish in a lake
Healthy Fish (118).jpg,remove,underwater scenery with several fish
Healthy Fish (120).jpg,crop_bottom,stock-photo watermark bar
Healthy Fish (121).jpg,remove,person's hand holding the fish
Healthy Fish (122).jpg,crop_bottom,stock-photo watermark bar
Healthy Fish (123).jpg,remove,group of people holding the fish
Healthy Fish (129).jpg,remove,fishing lure with a hook (not a real fish)
Healthy Fish (130).jpg,remove,painting (not a photo)
Healthy Fish (131).jpg,remove,underwater lake-bed scenery
Healthy Fish (133).jpg,remove,angler holding the fish
Healthy Fish (139).jpg,remove,fish jumping out of a lake (scenery)
Healthy Fish (143).jpg,crop_bottom,stock-photo watermark bar
Healthy Fish (144).jpg,crop_bottom,stock-photo watermark bar
Healthy Fish (147).jpg,remove,person's hand holding the fish
Healthy Fish (150).jpg,remove,person's hands holding the fish
Healthy Fish (156).jpg,remove,angler holding the fish (rotated copy)
Healthy Fish (158).jpg,remove,person holding the fish (rotated copy)
Healthy Fish (162).jpg,remove,small koi in a rocky stream (rotated copy)
Healthy Fish (163).jpg,remove,angler holding the fish (cropped copy)
Healthy Fish (164).jpg,remove,angler holding the fish (rotated copy)
Healthy Fish (175).jpg,remove,engraving / drawing (not a photo)
Healthy Fish (176).jpg,remove,engraving / drawing (not a photo)
Healthy Fish (180).jpg,remove,person holding the fish (cropped copy)
Healthy Fish (181).jpg,remove,person's hand holding the fish (cropped copy)
Healthy Fish (182).jpg,remove,angler in a lake (rotated copy)
Healthy Fish (187).jpg,remove,person's hand holding the fish (cropped copy)
Healthy Fish (189).jpg,remove,group of people holding the fish (cropped copy)
Healthy Fish (195).jpg,remove,wall chart illustration (not a photo)
Healthy Fish (196).jpg,remove,painting (not a photo)
Healthy Fish (197).jpg,remove,underwater lake-bed scenery (copy)
Healthy Fish (198).jpg,remove,fish model on a stand (not a real fish)
Healthy Fish (199).jpg,remove,angler holding the fish (copy)
Healthy Fish (212).jpg,remove,fish model on a stand (not a real fish)
Healthy Fish (222).jpg,remove,underwater lake-bed scenery (copy)
